train_loss,val_loss,val_accuracy
0.8821038447675251,0.7814236732151197,0.6608695652173913
0.576015454199579,0.7925062507650127,0.6939130434782609
0.3214135161704487,0.8773229930533664,0.6817391304347826
