loss,accuracy,precision,recall,f1-score
0.882909272,0.684943429,0.687403569,0.684943429,0.686171294
