train_loss,val_loss,val_accuracy
0.8704031218612005,0.8054639580457107,0.6278260869565218
0.5746449979524764,0.7724083216682724,0.6539130434782608
0.3655665856859987,0.9521317951073465,0.6643478260869565
