train_loss,val_loss,val_accuracy
0.8519355862859695,0.7973747286200523,0.6539130434782608
0.553509825751895,0.7485481245005908,0.6939130434782609
0.32532858949095483,0.8560938846117453,0.6747826086956522
0.18334932134501516,1.0802032198712392,0.6678260869565218
0.09524128515095938,1.338906915479785,0.6660869565217391
