loss,accuracy,precision,recall,f1-score
1.360888189,0.664926023,0.686132382,0.664926023,0.671589374
