loss,accuracy,precision,recall,f1-score
0.74576888,0.691906005,0.695064709,0.691906005,0.69322411
