train_loss,val_loss,val_accuracy
0.8715089595034009,0.7647432913080505,0.662608695652174
0.587551192217876,0.7700003759368607,0.662608695652174
0.34382199289070237,0.8820584903463073,0.688695652173913
