loss,accuracy,precision,recall,f1-score
0.856977426,0.696257615,0.687603929,0.696257615,0.691903715
