loss,accuracy,precision,recall,f1-score
0.83966497,0.70670148,0.722738875,0.70670148,0.714630213
