loss,accuracy,precision,recall,f1
0.8396649700054515,0.7067014795474326,0.7227388746147003,0.7067014795474326,0.7123776184950464
