train_loss,val_loss,val_accuracy
0.9058179669673481,0.7595104502206264,0.671304347826087
0.5849356438432421,0.7319149292389984,0.7043478260869566
