train_loss,val_loss,val_accuracy
0.8546690000664621,0.7895187952855359,0.6608695652173913
0.5667022583740098,0.7469009353544401,0.6765217391304348
