loss,accuracy,precision,recall,f1-score
0.709260287,0.708442124,0.700984792,0.708442124,0.704693729
