train_loss,val_loss,val_accuracy
0.9057529788641703,0.8251157154855521,0.6208695652173913
0.5553969710119186,0.8254406494096569,0.6417391304347826
0.3013247301181157,0.987618172293448,0.6660869565217391
0.16412962911029658,1.0008968362655573,0.6782608695652174
0.0910398679053677,1.4436399231496793,0.6852173913043478
