loss,accuracy,precision,recall,f1-score
1.340116489,0.692776327,0.680561987,0.692776327,0.68661484
