loss,accuracy,precision,recall,f1-score
0.894275949,0.704090513,0.695335926,0.704090513,0.699685836
