train_loss,val_loss,val_accuracy
0.8653468110022091,0.7916814761965171,0.6382608695652174
0.5432497566891095,0.8109043811974318,0.7008695652173913
0.3011708889186146,0.9977129158895949,0.6782608695652174
